service,username,password,notes
tucker.internal,rtran,$sNe2AVhdcl0,Backup token - HONEY_DDW
bullock-juarez.internal,samuelsmith,^6yXDg4QYqu6,Backup token - HONEY_TWO
keller.internal,valdezryan,tGeEbaqC_5e%,Backup token - HONEY_RHU
howe-brown.internal,joshua16,(b#4DJ$bWj93,Backup token - HONEY_AIT
matthews.internal,steve27,u!3wak%hB_)W,Backup token - HONEY_XSB
odom.internal,stricklandjoseph,9P9LsqVe+Sr0,Backup token - HONEY_HAO
smith-long.internal,larryjenkins,xAOBo0^n!2W*,Backup token - HONEY_TFP
gray-hanna.internal,michael73,%6UHVywJfj78,Backup token - HONEY_DCT
scott.internal,pamelaaustin,+rP@_QpiW3^G,Backup token - HONEY_OOI
hubbard.internal,rachel69,7(mKL4eY)dLs,Backup token - HONEY_JSZ
love.internal,justinmurphy,x@g4lQZYCs6B,Backup token - HONEY_ZBC
bush-roberts.internal,eric36,87%a2a1_J$Ge,Backup token - HONEY_IVX
cruz.internal,mark11,S#127x8v1UCZ,Backup token - HONEY_JFN
harris.internal,smartinez,@^E_JA+q1_#a,Backup token - HONEY_GQQ
johnson-munoz.internal,smithbarbara,1c2Ed%tS%mWR,Backup token - HONEY_BBN
everett.internal,betty88,1b80%BiLfvY+,Backup token - HONEY_YPH
rogers.internal,juliecunningham,#psyIYx9nQD4,Backup token - HONEY_QSR
barnes.internal,patricia98,@xis8Vwa(w@1,Backup token - HONEY_WUT
hendricks.internal,mollycampbell,!ebjNnXA7Tvc,Backup token - HONEY_WEI
torres.internal,lowejeffery,0m2is%sT@z@P,Backup token - HONEY_UFB
jacobson.internal,barrwayne,Xn3AQZkC(*0l,Backup token - HONEY_NXK
gregory-lopez.internal,woodjuan,n6F$YihO^7B8,Backup token - HONEY_RYJ
meyer.internal,jenniferlopez,6^VFAGJnE!0y,Backup token - HONEY_GDV
hines.internal,jgrant,hI&@i*KgN(j0,Backup token - HONEY_ZSV
bullock.internal,markbrown,23H(bbd9^@JK,Backup token - HONEY_KYK
martin.internal,gabriel12,+FXptGBj0$T3,Backup token - HONEY_JRG
thompson-wagner.internal,uscott,K@Zg0SCj4BNZ,Backup token - HONEY_OEW
sharp.internal,julieabbott,n$@KA0TqC5Q6,Backup token - HONEY_JUE
cox.internal,carterjoel,G(C4VMTt7jZB,Backup token - HONEY_PBO
ali-savage.internal,odaugherty,Umr5TkTbI(6o,Backup token - HONEY_FPF
cook.internal,dixonnicholas,Ry_sb5NeP8Q8,Backup token - HONEY_QTF
campbell.internal,lawrencepena,Se#$$2Epj(uh,Backup token - HONEY_IEL
weaver.internal,jill78,2UBLavcq(3%v,Backup token - HONEY_PSX
young.internal,jessica34,+7v9IjD*X_SP,Backup token - HONEY_SZQ
mckinney.internal,udaniel,FN2QI*Oxb)4T,Backup token - HONEY_RJT
carter-zimmerman.internal,brittneysmith,4kOG1rEQ(Vky,Backup token - HONEY_SYO
ortega.internal,pearsonkim,2LU3Xe(8@wAU,Backup token - HONEY_KMQ
santos.internal,petersonjanice,Vu$iYG^o(9d6,Backup token - HONEY_CSL
harrington-pierce.internal,iglass,&$ADfj9I4pQA,Backup token - HONEY_ABL
williams.internal,diane03,!(8@b)TbAm4D,Backup token - HONEY_BWQ
gonzalez.internal,mooresamantha,*&+xmjrq0A0F,Backup token - HONEY_QFY
key.internal,anthony00,B5DuKtOH%dS2,Backup token - HONEY_YQP
jackson.internal,nancystone,&cZzvHSD)7QG,Backup token - HONEY_GGI
brown.internal,noahsullivan,o0+IaIbu#WFq,Backup token - HONEY_BWW
murillo.internal,qcook,@Kq4TW#t*+4_,Backup token - HONEY_KJU
nelson.internal,brian19,X(8m3GfS+u_r,Backup token - HONEY_LDO
alvarez.internal,michael97,)ACA^JjPN38M,Backup token - HONEY_KQY
smith.internal,reneemorse,@p%&Bz9D4@)3,Backup token - HONEY_KPU
gutierrez.internal,waltersmargaret,+F83U#pgK%#6,Backup token - HONEY_GJG
craig.internal,jgonzalez,0^@B6lQbLIg1,Backup token - HONEY_VTC
